avg(p.amount),name
3.935117,Action
3.993396,Animation
3.868307,Children
3.876028,Classics
4.658427,Comedy
4.016686,Documentary
4.327726,Drama
3.855903,Family
4.134240,Foreign
4.418297,Games
4.400165,Horror
4.117735,Music
4.629383,New
4.320599,Sci-Fi
4.507388,Sports
4.240908,Travel
