category_id,"AVG (f.rental_rate)"
10,3.252295
16,3.235614
14,3.219508
5,3.162414
15,3.125135
13,3.116984
9,3.099589
11,3.025714
7,3.022258
12,2.950784
3,2.890000
2,2.808182
8,2.758116
4,2.744386
6,2.666471
1,2.646250
